<?xml version='1.0' encoding='UTF-8'?><SubmissionReceipt><ConfirmationCode>_694f9fb4-2226-4900-993b-03ea843c8790</ConfirmationCode><SubmissionDate>2017-09-05T13:27:16-05:00</SubmissionDate><SubmitterUserId>27280</SubmitterUserId><SubmitterFirstName>nathan</SubmitterFirstName><SubmitterLastName>charles</SubmitterLastName><SubmitterUserName>ncharles@littlerock.gov</SubmitterUserName><SubmitterEmail>ncharles@littlerock.gov</SubmitterEmail><SubmitterTelephone>(501) 918-5348</SubmitterTelephone><SubmitterIp>170.94.26.21</SubmitterIp></SubmissionReceipt>