<?xml version='1.0' encoding='UTF-8'?><?xml-stylesheet type="text/xsl" href="DischargeMonitoringReport.xsl"?><DischargeMonitoringReport><NetDMRInstanceIdentifier>291</NetDMRInstanceIdentifier><PermitIdentifier>ARS000002</PermitIdentifier><FacilityName>LITTLE ROCK, CITY OF/AHTD MS4</FacilityName><PermittedFeatureIdentifier>006</PermittedFeatureIdentifier><PermittedFeatureTypeCode>EXO</PermittedFeatureTypeCode><PermittedFeatureTypeDescription>External Outfall</PermittedFeatureTypeDescription><MajorStatusIndicator>Y</MajorStatusIndicator><PermitteeName>LITTLE ROCK, CITY OF/AHTD-MS4</PermitteeName><PermitteeAddress><Address>701 WEST MARKHAM</Address><City>LITTLE ROCK</City><State>AR</State><ZipCode>72201</ZipCode></PermitteeAddress><FacilityAddress><Address>10324 INTERSTATE 30</Address><City>LITTLE ROCK</City><State>AR</State><ZipCode>72203</ZipCode></FacilityAddress><LimitSetDesignator>Q</LimitSetDesignator><LimitSetDesignatorName>006-SEASONAL QTR-STORM WATER RUNOFF</LimitSetDesignatorName><LimitSetCommentText>GILLIAM PARK ROAD STORM SEWER SEASONAL QUARTERS: (JUN-AUG), (SEP-NOV), (DEC-FEB) &amp; (MAR-MAY).  DISCHARGE MONITORING REPORTS MUST BE SUBMITTED EVEN WHEN NO DISCHARGE OCCURS.  60-00408</LimitSetCommentText><MonitoringPeriodStartDate>2016-12-01</MonitoringPeriodStartDate><MonitoringPeriodEndDate>2017-02-28</MonitoringPeriodEndDate><ReportDueDate>2017-03-25</ReportDueDate><Parameters><Parameter><ParameterCode>31679</ParameterCode><ParameterName>Fecal streptococci, MF m-enterococcus ag</ParameterName><MonitoringLocationCode>1</MonitoringLocationCode><MonitoringLocationDescription>Effluent Gross</MonitoringLocationDescription><PermitSampleTypeCode>GR</PermitSampleTypeCode><PermitSampleTypeDescription>GRAB</PermitSampleTypeDescription><PermitFrequencyOfAnalysisCode>01/90</PermitFrequencyOfAnalysisCode><PermitFrequencyOfAnalysisDescription>Quarterly</PermitFrequencyOfAnalysisDescription><PermitConcentrationUnitCode>13</PermitConcentrationUnitCode><PermitConcentrationUnitDescription>#/100mL</PermitConcentrationUnitDescription><PermitEffluentTradingPartnerFlag>N</PermitEffluentTradingPartnerFlag><PermitSeasonNumber>0</PermitSeasonNumber><ReportedSampleTypeCode>GR</ReportedSampleTypeCode><ReportedSampleTypeDescription>GRAB</ReportedSampleTypeDescription><ReportedFrequencyOfAnalysisCode>01/90</ReportedFrequencyOfAnalysisCode><ReportedFrequencyOfAnalysisDescription>Quarterly</ReportedFrequencyOfAnalysisDescription><ReportedNumberOfExcursions>0</ReportedNumberOfExcursions><ReportedConcentrationUnitCode>13</ReportedConcentrationUnitCode><ReportedConcentrationUnitDescription>#/100mL</ReportedConcentrationUnitDescription><Concentration2><PermitLimitValue>Req Mon</PermitLimitValue><PermitStatisticalBaseCode>AF</PermitStatisticalBaseCode><PermitStatisticalBaseDescription>AVERAGE</PermitStatisticalBaseDescription><ReportedQualifier>=</ReportedQualifier><ReportedValue>517</ReportedValue></Concentration2><Concentration3><PermitLimitValue>Req Mon</PermitLimitValue><PermitStatisticalBaseCode>MB</PermitStatisticalBaseCode><PermitStatisticalBaseDescription>MAXIMUM</PermitStatisticalBaseDescription><ReportedQualifier>=</ReportedQualifier><ReportedValue>517</ReportedValue></Concentration3></Parameter><Parameter><ParameterCode>70295</ParameterCode><ParameterName>Solids, total dissolved</ParameterName><MonitoringLocationCode>1</MonitoringLocationCode><MonitoringLocationDescription>Effluent Gross</MonitoringLocationDescription><PermitSampleTypeCode>GR</PermitSampleTypeCode><PermitSampleTypeDescription>GRAB</PermitSampleTypeDescription><PermitFrequencyOfAnalysisCode>01/90</PermitFrequencyOfAnalysisCode><PermitFrequencyOfAnalysisDescription>Quarterly</PermitFrequencyOfAnalysisDescription><PermitConcentrationUnitCode>19</PermitConcentrationUnitCode><PermitConcentrationUnitDescription>mg/L</PermitConcentrationUnitDescription><PermitEffluentTradingPartnerFlag>N</PermitEffluentTradingPartnerFlag><PermitSeasonNumber>0</PermitSeasonNumber><ReportedSampleTypeCode>GR</ReportedSampleTypeCode><ReportedSampleTypeDescription>GRAB</ReportedSampleTypeDescription><ReportedFrequencyOfAnalysisCode>01/90</ReportedFrequencyOfAnalysisCode><ReportedFrequencyOfAnalysisDescription>Quarterly</ReportedFrequencyOfAnalysisDescription><ReportedNumberOfExcursions>0</ReportedNumberOfExcursions><ReportedConcentrationUnitCode>19</ReportedConcentrationUnitCode><ReportedConcentrationUnitDescription>mg/L</ReportedConcentrationUnitDescription><Concentration2><PermitLimitValue>Req Mon</PermitLimitValue><PermitStatisticalBaseCode>AF</PermitStatisticalBaseCode><PermitStatisticalBaseDescription>AVERAGE</PermitStatisticalBaseDescription><ReportedQualifier>=</ReportedQualifier><ReportedValue>94</ReportedValue></Concentration2><Concentration3><PermitLimitValue>Req Mon</PermitLimitValue><PermitStatisticalBaseCode>MB</PermitStatisticalBaseCode><PermitStatisticalBaseDescription>MAXIMUM</PermitStatisticalBaseDescription><ReportedQualifier>=</ReportedQualifier><ReportedValue>94</ReportedValue></Concentration3></Parameter><Parameter><ParameterCode>00630</ParameterCode><ParameterName>Nitrite + Nitrate total [as N]</ParameterName><MonitoringLocationCode>1</MonitoringLocationCode><MonitoringLocationDescription>Effluent Gross</MonitoringLocationDescription><PermitSampleTypeCode>GR</PermitSampleTypeCode><PermitSampleTypeDescription>GRAB</PermitSampleTypeDescription><PermitFrequencyOfAnalysisCode>01/90</PermitFrequencyOfAnalysisCode><PermitFrequencyOfAnalysisDescription>Quarterly</PermitFrequencyOfAnalysisDescription><PermitConcentrationUnitCode>19</PermitConcentrationUnitCode><PermitConcentrationUnitDescription>mg/L</PermitConcentrationUnitDescription><PermitEffluentTradingPartnerFlag>N</PermitEffluentTradingPartnerFlag><PermitSeasonNumber>0</PermitSeasonNumber><ReportedSampleTypeCode>GR</ReportedSampleTypeCode><ReportedSampleTypeDescription>GRAB</ReportedSampleTypeDescription><ReportedFrequencyOfAnalysisCode>01/90</ReportedFrequencyOfAnalysisCode><ReportedFrequencyOfAnalysisDescription>Quarterly</ReportedFrequencyOfAnalysisDescription><ReportedNumberOfExcursions>0</ReportedNumberOfExcursions><ReportedConcentrationUnitCode>19</ReportedConcentrationUnitCode><ReportedConcentrationUnitDescription>mg/L</ReportedConcentrationUnitDescription><Concentration2><PermitLimitValue>Req Mon</PermitLimitValue><PermitStatisticalBaseCode>AF</PermitStatisticalBaseCode><PermitStatisticalBaseDescription>AVERAGE</PermitStatisticalBaseDescription><ReportedQualifier>=</ReportedQualifier><ReportedValue>0.54</ReportedValue></Concentration2><Concentration3><PermitLimitValue>Req Mon</PermitLimitValue><PermitStatisticalBaseCode>MB</PermitStatisticalBaseCode><PermitStatisticalBaseDescription>MAXIMUM</PermitStatisticalBaseDescription><ReportedQualifier>=</ReportedQualifier><ReportedValue>0.54</ReportedValue></Concentration3></Parameter><Parameter><ParameterCode>00900</ParameterCode><ParameterName>Hardness, total [as CaCO3]</ParameterName><MonitoringLocationCode>1</MonitoringLocationCode><MonitoringLocationDescription>Effluent Gross</MonitoringLocationDescription><PermitSampleTypeCode>GR</PermitSampleTypeCode><PermitSampleTypeDescription>GRAB</PermitSampleTypeDescription><PermitFrequencyOfAnalysisCode>01/90</PermitFrequencyOfAnalysisCode><PermitFrequencyOfAnalysisDescription>Quarterly</PermitFrequencyOfAnalysisDescription><PermitConcentrationUnitCode>19</PermitConcentrationUnitCode><PermitConcentrationUnitDescription>mg/L</PermitConcentrationUnitDescription><PermitEffluentTradingPartnerFlag>N</PermitEffluentTradingPartnerFlag><PermitSeasonNumber>0</PermitSeasonNumber><ReportedSampleTypeCode>GR</ReportedSampleTypeCode><ReportedSampleTypeDescription>GRAB</ReportedSampleTypeDescription><ReportedFrequencyOfAnalysisCode>01/90</ReportedFrequencyOfAnalysisCode><ReportedFrequencyOfAnalysisDescription>Quarterly</ReportedFrequencyOfAnalysisDescription><ReportedNumberOfExcursions>0</ReportedNumberOfExcursions><ReportedConcentrationUnitCode>19</ReportedConcentrationUnitCode><ReportedConcentrationUnitDescription>mg/L</ReportedConcentrationUnitDescription><Concentration2><PermitLimitValue>Req Mon</PermitLimitValue><PermitStatisticalBaseCode>AF</PermitStatisticalBaseCode><PermitStatisticalBaseDescription>AVERAGE</PermitStatisticalBaseDescription><ReportedQualifier>=</ReportedQualifier><ReportedValue>12</ReportedValue></Concentration2><Concentration3><PermitLimitValue>Req Mon</PermitLimitValue><PermitStatisticalBaseCode>MB</PermitStatisticalBaseCode><PermitStatisticalBaseDescription>MAXIMUM</PermitStatisticalBaseDescription><ReportedQualifier>=</ReportedQualifier><ReportedValue>12</ReportedValue></Concentration3></Parameter><Parameter><ParameterCode>00310</ParameterCode><ParameterName>BOD, 5-day, 20 deg. C</ParameterName><MonitoringLocationCode>1</MonitoringLocationCode><MonitoringLocationDescription>Effluent Gross</MonitoringLocationDescription><PermitSampleTypeCode>GR</PermitSampleTypeCode><PermitSampleTypeDescription>GRAB</PermitSampleTypeDescription><PermitFrequencyOfAnalysisCode>01/90</PermitFrequencyOfAnalysisCode><PermitFrequencyOfAnalysisDescription>Quarterly</PermitFrequencyOfAnalysisDescription><PermitConcentrationUnitCode>19</PermitConcentrationUnitCode><PermitConcentrationUnitDescription>mg/L</PermitConcentrationUnitDescription><PermitEffluentTradingPartnerFlag>N</PermitEffluentTradingPartnerFlag><PermitSeasonNumber>0</PermitSeasonNumber><ReportedSampleTypeCode>GR</ReportedSampleTypeCode><ReportedSampleTypeDescription>GRAB</ReportedSampleTypeDescription><ReportedFrequencyOfAnalysisCode>01/90</ReportedFrequencyOfAnalysisCode><ReportedFrequencyOfAnalysisDescription>Quarterly</ReportedFrequencyOfAnalysisDescription><ReportedNumberOfExcursions>0</ReportedNumberOfExcursions><ReportedConcentrationUnitCode>19</ReportedConcentrationUnitCode><ReportedConcentrationUnitDescription>mg/L</ReportedConcentrationUnitDescription><Concentration2><PermitLimitValue>Req Mon</PermitLimitValue><PermitStatisticalBaseCode>AF</PermitStatisticalBaseCode><PermitStatisticalBaseDescription>AVERAGE</PermitStatisticalBaseDescription><ReportedQualifier>=</ReportedQualifier><ReportedValue>5</ReportedValue></Concentration2><Concentration3><PermitLimitValue>Req Mon</PermitLimitValue><PermitStatisticalBaseCode>MB</PermitStatisticalBaseCode><PermitStatisticalBaseDescription>MAXIMUM</PermitStatisticalBaseDescription><ReportedQualifier>=</ReportedQualifier><ReportedValue>5</ReportedValue></Concentration3></Parameter><Parameter><ParameterCode>01113</ParameterCode><ParameterName>Cadmium, total recoverable</ParameterName><MonitoringLocationCode>1</MonitoringLocationCode><MonitoringLocationDescription>Effluent Gross</MonitoringLocationDescription><PermitSampleTypeCode>GR</PermitSampleTypeCode><PermitSampleTypeDescription>GRAB</PermitSampleTypeDescription><PermitFrequencyOfAnalysisCode>01/90</PermitFrequencyOfAnalysisCode><PermitFrequencyOfAnalysisDescription>Quarterly</PermitFrequencyOfAnalysisDescription><PermitConcentrationUnitCode>28</PermitConcentrationUnitCode><PermitConcentrationUnitDescription>ug/L</PermitConcentrationUnitDescription><PermitEffluentTradingPartnerFlag>N</PermitEffluentTradingPartnerFlag><PermitSeasonNumber>0</PermitSeasonNumber><ReportedSampleTypeCode>GR</ReportedSampleTypeCode><ReportedSampleTypeDescription>GRAB</ReportedSampleTypeDescription><ReportedFrequencyOfAnalysisCode>01/90</ReportedFrequencyOfAnalysisCode><ReportedFrequencyOfAnalysisDescription>Quarterly</ReportedFrequencyOfAnalysisDescription><ReportedNumberOfExcursions>0</ReportedNumberOfExcursions><ReportedConcentrationUnitCode>28</ReportedConcentrationUnitCode><ReportedConcentrationUnitDescription>ug/L</ReportedConcentrationUnitDescription><Concentration2><PermitLimitValue>Req Mon</PermitLimitValue><PermitStatisticalBaseCode>AF</PermitStatisticalBaseCode><PermitStatisticalBaseDescription>AVERAGE</PermitStatisticalBaseDescription><ReportedQualifier>=</ReportedQualifier><ReportedValue>5</ReportedValue></Concentration2><Concentration3><PermitLimitValue>Req Mon</PermitLimitValue><PermitStatisticalBaseCode>MB</PermitStatisticalBaseCode><PermitStatisticalBaseDescription>MAXIMUM</PermitStatisticalBaseDescription><ReportedQualifier>=</ReportedQualifier><ReportedValue>5</ReportedValue></Concentration3></Parameter><Parameter><ParameterCode>01119</ParameterCode><ParameterName>Copper, total recoverable</ParameterName><MonitoringLocationCode>1</MonitoringLocationCode><MonitoringLocationDescription>Effluent Gross</MonitoringLocationDescription><PermitSampleTypeCode>GR</PermitSampleTypeCode><PermitSampleTypeDescription>GRAB</PermitSampleTypeDescription><PermitFrequencyOfAnalysisCode>01/90</PermitFrequencyOfAnalysisCode><PermitFrequencyOfAnalysisDescription>Quarterly</PermitFrequencyOfAnalysisDescription><PermitConcentrationUnitCode>28</PermitConcentrationUnitCode><PermitConcentrationUnitDescription>ug/L</PermitConcentrationUnitDescription><PermitEffluentTradingPartnerFlag>N</PermitEffluentTradingPartnerFlag><PermitSeasonNumber>0</PermitSeasonNumber><ReportedSampleTypeCode>GR</ReportedSampleTypeCode><ReportedSampleTypeDescription>GRAB</ReportedSampleTypeDescription><ReportedFrequencyOfAnalysisCode>01/90</ReportedFrequencyOfAnalysisCode><ReportedFrequencyOfAnalysisDescription>Quarterly</ReportedFrequencyOfAnalysisDescription><ReportedNumberOfExcursions>0</ReportedNumberOfExcursions><ReportedConcentrationUnitCode>28</ReportedConcentrationUnitCode><ReportedConcentrationUnitDescription>ug/L</ReportedConcentrationUnitDescription><Concentration2><PermitLimitValue>Req Mon</PermitLimitValue><PermitStatisticalBaseCode>AF</PermitStatisticalBaseCode><PermitStatisticalBaseDescription>AVERAGE</PermitStatisticalBaseDescription><ReportedQualifier>=</ReportedQualifier><ReportedValue>9</ReportedValue></Concentration2><Concentration3><PermitLimitValue>Req Mon</PermitLimitValue><PermitStatisticalBaseCode>MB</PermitStatisticalBaseCode><PermitStatisticalBaseDescription>MAXIMUM</PermitStatisticalBaseDescription><ReportedQualifier>=</ReportedQualifier><ReportedValue>9</ReportedValue></Concentration3></Parameter><Parameter><ParameterCode>00556</ParameterCode><ParameterName>Oil &amp; Grease</ParameterName><MonitoringLocationCode>1</MonitoringLocationCode><MonitoringLocationDescription>Effluent Gross</MonitoringLocationDescription><PermitSampleTypeCode>GR</PermitSampleTypeCode><PermitSampleTypeDescription>GRAB</PermitSampleTypeDescription><PermitFrequencyOfAnalysisCode>01/90</PermitFrequencyOfAnalysisCode><PermitFrequencyOfAnalysisDescription>Quarterly</PermitFrequencyOfAnalysisDescription><PermitConcentrationUnitCode>19</PermitConcentrationUnitCode><PermitConcentrationUnitDescription>mg/L</PermitConcentrationUnitDescription><PermitEffluentTradingPartnerFlag>N</PermitEffluentTradingPartnerFlag><PermitSeasonNumber>0</PermitSeasonNumber><ReportedSampleTypeCode>GR</ReportedSampleTypeCode><ReportedSampleTypeDescription>GRAB</ReportedSampleTypeDescription><ReportedFrequencyOfAnalysisCode>01/90</ReportedFrequencyOfAnalysisCode><ReportedFrequencyOfAnalysisDescription>Quarterly</ReportedFrequencyOfAnalysisDescription><ReportedNumberOfExcursions>0</ReportedNumberOfExcursions><ReportedConcentrationUnitCode>19</ReportedConcentrationUnitCode><ReportedConcentrationUnitDescription>mg/L</ReportedConcentrationUnitDescription><Concentration2><PermitLimitValue>Req Mon</PermitLimitValue><PermitStatisticalBaseCode>AF</PermitStatisticalBaseCode><PermitStatisticalBaseDescription>AVERAGE</PermitStatisticalBaseDescription><ReportedQualifier>&lt;</ReportedQualifier><ReportedValue>1.4</ReportedValue></Concentration2><Concentration3><PermitLimitValue>Req Mon</PermitLimitValue><PermitStatisticalBaseCode>MB</PermitStatisticalBaseCode><PermitStatisticalBaseDescription>MAXIMUM</PermitStatisticalBaseDescription><ReportedQualifier>&lt;</ReportedQualifier><ReportedValue>1.4</ReportedValue></Concentration3></Parameter><Parameter><ParameterCode>50050</ParameterCode><ParameterName>Flow, in conduit or thru treatment plant</ParameterName><MonitoringLocationCode>1</MonitoringLocationCode><MonitoringLocationDescription>Effluent Gross</MonitoringLocationDescription><PermitSampleTypeCode>GR</PermitSampleTypeCode><PermitSampleTypeDescription>GRAB</PermitSampleTypeDescription><PermitFrequencyOfAnalysisCode>01/90</PermitFrequencyOfAnalysisCode><PermitFrequencyOfAnalysisDescription>Quarterly</PermitFrequencyOfAnalysisDescription><PermitQuantityUnitCode>03</PermitQuantityUnitCode><PermitQuantityUnitDescription>MGD</PermitQuantityUnitDescription><PermitEffluentTradingPartnerFlag>N</PermitEffluentTradingPartnerFlag><PermitSeasonNumber>0</PermitSeasonNumber><ReportedSampleTypeCode>GR</ReportedSampleTypeCode><ReportedSampleTypeDescription>GRAB</ReportedSampleTypeDescription><ReportedFrequencyOfAnalysisCode>01/90</ReportedFrequencyOfAnalysisCode><ReportedFrequencyOfAnalysisDescription>Quarterly</ReportedFrequencyOfAnalysisDescription><ReportedNumberOfExcursions>0</ReportedNumberOfExcursions><ReportedQuantityUnitCode>03</ReportedQuantityUnitCode><ReportedQuantityUnitDescription>MGD</ReportedQuantityUnitDescription><Quantity1><PermitLimitValue>Req Mon</PermitLimitValue><PermitStatisticalBaseCode>AF</PermitStatisticalBaseCode><PermitStatisticalBaseDescription>AVERAGE</PermitStatisticalBaseDescription><ReportedQualifier>=</ReportedQualifier><ReportedValue>0.0144</ReportedValue></Quantity1><Quantity2><PermitLimitValue>Req Mon</PermitLimitValue><PermitStatisticalBaseCode>MB</PermitStatisticalBaseCode><PermitStatisticalBaseDescription>MAXIMUM</PermitStatisticalBaseDescription><ReportedQualifier>=</ReportedQualifier><ReportedValue>0.0144</ReportedValue></Quantity2></Parameter><Parameter><ParameterCode>01114</ParameterCode><ParameterName>Lead, total recoverable</ParameterName><MonitoringLocationCode>1</MonitoringLocationCode><MonitoringLocationDescription>Effluent Gross</MonitoringLocationDescription><PermitSampleTypeCode>GR</PermitSampleTypeCode><PermitSampleTypeDescription>GRAB</PermitSampleTypeDescription><PermitFrequencyOfAnalysisCode>01/90</PermitFrequencyOfAnalysisCode><PermitFrequencyOfAnalysisDescription>Quarterly</PermitFrequencyOfAnalysisDescription><PermitConcentrationUnitCode>28</PermitConcentrationUnitCode><PermitConcentrationUnitDescription>ug/L</PermitConcentrationUnitDescription><PermitEffluentTradingPartnerFlag>N</PermitEffluentTradingPartnerFlag><PermitSeasonNumber>0</PermitSeasonNumber><ReportedSampleTypeCode>GR</ReportedSampleTypeCode><ReportedSampleTypeDescription>GRAB</ReportedSampleTypeDescription><ReportedFrequencyOfAnalysisCode>01/90</ReportedFrequencyOfAnalysisCode><ReportedFrequencyOfAnalysisDescription>Quarterly</ReportedFrequencyOfAnalysisDescription><ReportedNumberOfExcursions>0</ReportedNumberOfExcursions><ReportedConcentrationUnitCode>28</ReportedConcentrationUnitCode><ReportedConcentrationUnitDescription>ug/L</ReportedConcentrationUnitDescription><Concentration2><PermitLimitValue>Req Mon</PermitLimitValue><PermitStatisticalBaseCode>AF</PermitStatisticalBaseCode><PermitStatisticalBaseDescription>AVERAGE</PermitStatisticalBaseDescription><ReportedQualifier>&lt;</ReportedQualifier><ReportedValue>0.5</ReportedValue></Concentration2><Concentration3><PermitLimitValue>Req Mon</PermitLimitValue><PermitStatisticalBaseCode>MB</PermitStatisticalBaseCode><PermitStatisticalBaseDescription>MAXIMUM</PermitStatisticalBaseDescription><ReportedQualifier>&lt;</ReportedQualifier><ReportedValue>0.5</ReportedValue></Concentration3></Parameter><Parameter><ParameterCode>00530</ParameterCode><ParameterName>Solids, total suspended</ParameterName><MonitoringLocationCode>1</MonitoringLocationCode><MonitoringLocationDescription>Effluent Gross</MonitoringLocationDescription><PermitSampleTypeCode>GR</PermitSampleTypeCode><PermitSampleTypeDescription>GRAB</PermitSampleTypeDescription><PermitFrequencyOfAnalysisCode>01/90</PermitFrequencyOfAnalysisCode><PermitFrequencyOfAnalysisDescription>Quarterly</PermitFrequencyOfAnalysisDescription><PermitConcentrationUnitCode>19</PermitConcentrationUnitCode><PermitConcentrationUnitDescription>mg/L</PermitConcentrationUnitDescription><PermitEffluentTradingPartnerFlag>N</PermitEffluentTradingPartnerFlag><PermitSeasonNumber>0</PermitSeasonNumber><ReportedSampleTypeCode>GR</ReportedSampleTypeCode><ReportedSampleTypeDescription>GRAB</ReportedSampleTypeDescription><ReportedFrequencyOfAnalysisCode>01/90</ReportedFrequencyOfAnalysisCode><ReportedFrequencyOfAnalysisDescription>Quarterly</ReportedFrequencyOfAnalysisDescription><ReportedNumberOfExcursions>0</ReportedNumberOfExcursions><ReportedConcentrationUnitCode>19</ReportedConcentrationUnitCode><ReportedConcentrationUnitDescription>mg/L</ReportedConcentrationUnitDescription><Concentration2><PermitLimitValue>Req Mon</PermitLimitValue><PermitStatisticalBaseCode>AF</PermitStatisticalBaseCode><PermitStatisticalBaseDescription>AVERAGE</PermitStatisticalBaseDescription><ReportedQualifier>=</ReportedQualifier><ReportedValue>18</ReportedValue></Concentration2><Concentration3><PermitLimitValue>Req Mon</PermitLimitValue><PermitStatisticalBaseCode>MB</PermitStatisticalBaseCode><PermitStatisticalBaseDescription>MAXIMUM</PermitStatisticalBaseDescription><ReportedQualifier>=</ReportedQualifier><ReportedValue>18</ReportedValue></Concentration3></Parameter><Parameter><ParameterCode>01079</ParameterCode><ParameterName>Silver total recoverable</ParameterName><MonitoringLocationCode>1</MonitoringLocationCode><MonitoringLocationDescription>Effluent Gross</MonitoringLocationDescription><PermitSampleTypeCode>GR</PermitSampleTypeCode><PermitSampleTypeDescription>GRAB</PermitSampleTypeDescription><PermitFrequencyOfAnalysisCode>01/90</PermitFrequencyOfAnalysisCode><PermitFrequencyOfAnalysisDescription>Quarterly</PermitFrequencyOfAnalysisDescription><PermitConcentrationUnitCode>28</PermitConcentrationUnitCode><PermitConcentrationUnitDescription>ug/L</PermitConcentrationUnitDescription><PermitEffluentTradingPartnerFlag>N</PermitEffluentTradingPartnerFlag><PermitSeasonNumber>0</PermitSeasonNumber><ReportedSampleTypeCode>GR</ReportedSampleTypeCode><ReportedSampleTypeDescription>GRAB</ReportedSampleTypeDescription><ReportedFrequencyOfAnalysisCode>01/90</ReportedFrequencyOfAnalysisCode><ReportedFrequencyOfAnalysisDescription>Quarterly</ReportedFrequencyOfAnalysisDescription><ReportedNumberOfExcursions>0</ReportedNumberOfExcursions><ReportedConcentrationUnitCode>28</ReportedConcentrationUnitCode><ReportedConcentrationUnitDescription>ug/L</ReportedConcentrationUnitDescription><Concentration2><PermitLimitValue>Req Mon</PermitLimitValue><PermitStatisticalBaseCode>AF</PermitStatisticalBaseCode><PermitStatisticalBaseDescription>AVERAGE</PermitStatisticalBaseDescription><ReportedQualifier>=</ReportedQualifier><ReportedValue>8</ReportedValue></Concentration2><Concentration3><PermitLimitValue>Req Mon</PermitLimitValue><PermitStatisticalBaseCode>MB</PermitStatisticalBaseCode><PermitStatisticalBaseDescription>MAXIMUM</PermitStatisticalBaseDescription><ReportedQualifier>=</ReportedQualifier><ReportedValue>8</ReportedValue></Concentration3></Parameter><Parameter><ParameterCode>51040</ParameterCode><ParameterName>E. coli</ParameterName><MonitoringLocationCode>1</MonitoringLocationCode><MonitoringLocationDescription>Effluent Gross</MonitoringLocationDescription><PermitSampleTypeCode>GR</PermitSampleTypeCode><PermitSampleTypeDescription>GRAB</PermitSampleTypeDescription><PermitFrequencyOfAnalysisCode>01/90</PermitFrequencyOfAnalysisCode><PermitFrequencyOfAnalysisDescription>Quarterly</PermitFrequencyOfAnalysisDescription><PermitConcentrationUnitCode>13</PermitConcentrationUnitCode><PermitConcentrationUnitDescription>#/100mL</PermitConcentrationUnitDescription><PermitEffluentTradingPartnerFlag>N</PermitEffluentTradingPartnerFlag><PermitSeasonNumber>0</PermitSeasonNumber><ReportedSampleTypeCode>GR</ReportedSampleTypeCode><ReportedSampleTypeDescription>GRAB</ReportedSampleTypeDescription><ReportedFrequencyOfAnalysisCode>01/90</ReportedFrequencyOfAnalysisCode><ReportedFrequencyOfAnalysisDescription>Quarterly</ReportedFrequencyOfAnalysisDescription><ReportedNumberOfExcursions>0</ReportedNumberOfExcursions><ReportedConcentrationUnitCode>13</ReportedConcentrationUnitCode><ReportedConcentrationUnitDescription>#/100mL</ReportedConcentrationUnitDescription><Concentration2><PermitLimitValue>Req Mon</PermitLimitValue><PermitStatisticalBaseCode>AF</PermitStatisticalBaseCode><PermitStatisticalBaseDescription>AVERAGE</PermitStatisticalBaseDescription><ReportedQualifier>=</ReportedQualifier><ReportedValue>545</ReportedValue></Concentration2><Concentration3><PermitLimitValue>Req Mon</PermitLimitValue><PermitStatisticalBaseCode>MB</PermitStatisticalBaseCode><PermitStatisticalBaseDescription>MAXIMUM</PermitStatisticalBaseDescription><ReportedQualifier>=</ReportedQualifier><ReportedValue>545</ReportedValue></Concentration3></Parameter><Parameter><ParameterCode>00666</ParameterCode><ParameterName>Phosphorus, dissolved</ParameterName><MonitoringLocationCode>1</MonitoringLocationCode><MonitoringLocationDescription>Effluent Gross</MonitoringLocationDescription><PermitSampleTypeCode>GR</PermitSampleTypeCode><PermitSampleTypeDescription>GRAB</PermitSampleTypeDescription><PermitFrequencyOfAnalysisCode>01/90</PermitFrequencyOfAnalysisCode><PermitFrequencyOfAnalysisDescription>Quarterly</PermitFrequencyOfAnalysisDescription><PermitConcentrationUnitCode>19</PermitConcentrationUnitCode><PermitConcentrationUnitDescription>mg/L</PermitConcentrationUnitDescription><PermitEffluentTradingPartnerFlag>N</PermitEffluentTradingPartnerFlag><PermitSeasonNumber>0</PermitSeasonNumber><ReportedSampleTypeCode>GR</ReportedSampleTypeCode><ReportedSampleTypeDescription>GRAB</ReportedSampleTypeDescription><ReportedFrequencyOfAnalysisCode>01/90</ReportedFrequencyOfAnalysisCode><ReportedFrequencyOfAnalysisDescription>Quarterly</ReportedFrequencyOfAnalysisDescription><ReportedNumberOfExcursions>0</ReportedNumberOfExcursions><ReportedConcentrationUnitCode>19</ReportedConcentrationUnitCode><ReportedConcentrationUnitDescription>mg/L</ReportedConcentrationUnitDescription><Concentration2><PermitLimitValue>Req Mon</PermitLimitValue><PermitStatisticalBaseCode>AF</PermitStatisticalBaseCode><PermitStatisticalBaseDescription>AVERAGE</PermitStatisticalBaseDescription><ReportedQualifier>=</ReportedQualifier><ReportedValue>0.11</ReportedValue></Concentration2><Concentration3><PermitLimitValue>Req Mon</PermitLimitValue><PermitStatisticalBaseCode>MB</PermitStatisticalBaseCode><PermitStatisticalBaseDescription>MAXIMUM</PermitStatisticalBaseDescription><ReportedQualifier>=</ReportedQualifier><ReportedValue>0.11</ReportedValue></Concentration3></Parameter><Parameter><ParameterCode>00400</ParameterCode><ParameterName>pH</ParameterName><MonitoringLocationCode>1</MonitoringLocationCode><MonitoringLocationDescription>Effluent Gross</MonitoringLocationDescription><PermitSampleTypeCode>GR</PermitSampleTypeCode><PermitSampleTypeDescription>GRAB</PermitSampleTypeDescription><PermitFrequencyOfAnalysisCode>01/90</PermitFrequencyOfAnalysisCode><PermitFrequencyOfAnalysisDescription>Quarterly</PermitFrequencyOfAnalysisDescription><PermitConcentrationUnitCode>12</PermitConcentrationUnitCode><PermitConcentrationUnitDescription>SU</PermitConcentrationUnitDescription><PermitEffluentTradingPartnerFlag>N</PermitEffluentTradingPartnerFlag><PermitSeasonNumber>0</PermitSeasonNumber><ReportedSampleTypeCode>GR</ReportedSampleTypeCode><ReportedSampleTypeDescription>GRAB</ReportedSampleTypeDescription><ReportedFrequencyOfAnalysisCode>01/90</ReportedFrequencyOfAnalysisCode><ReportedFrequencyOfAnalysisDescription>Quarterly</ReportedFrequencyOfAnalysisDescription><ReportedNumberOfExcursions>0</ReportedNumberOfExcursions><ReportedConcentrationUnitCode>12</ReportedConcentrationUnitCode><ReportedConcentrationUnitDescription>SU</ReportedConcentrationUnitDescription><Concentration1><PermitLimitQualifier>&gt;=</PermitLimitQualifier><PermitLimitValue>6</PermitLimitValue><PermitStatisticalBaseCode>ME</PermitStatisticalBaseCode><PermitStatisticalBaseDescription>MINIMUM</PermitStatisticalBaseDescription><ReportedQualifier>=</ReportedQualifier><ReportedValue>7.3</ReportedValue></Concentration1><Concentration3><PermitLimitQualifier>&lt;=</PermitLimitQualifier><PermitLimitValue>9</PermitLimitValue><PermitStatisticalBaseCode>MB</PermitStatisticalBaseCode><PermitStatisticalBaseDescription>MAXIMUM</PermitStatisticalBaseDescription><ReportedQualifier>=</ReportedQualifier><ReportedValue>7.3</ReportedValue></Concentration3></Parameter><Parameter><ParameterCode>01094</ParameterCode><ParameterName>Zinc, total recoverable</ParameterName><MonitoringLocationCode>1</MonitoringLocationCode><MonitoringLocationDescription>Effluent Gross</MonitoringLocationDescription><PermitSampleTypeCode>GR</PermitSampleTypeCode><PermitSampleTypeDescription>GRAB</PermitSampleTypeDescription><PermitFrequencyOfAnalysisCode>01/90</PermitFrequencyOfAnalysisCode><PermitFrequencyOfAnalysisDescription>Quarterly</PermitFrequencyOfAnalysisDescription><PermitConcentrationUnitCode>28</PermitConcentrationUnitCode><PermitConcentrationUnitDescription>ug/L</PermitConcentrationUnitDescription><PermitEffluentTradingPartnerFlag>N</PermitEffluentTradingPartnerFlag><PermitSeasonNumber>0</PermitSeasonNumber><ReportedSampleTypeCode>GR</ReportedSampleTypeCode><ReportedSampleTypeDescription>GRAB</ReportedSampleTypeDescription><ReportedFrequencyOfAnalysisCode>01/90</ReportedFrequencyOfAnalysisCode><ReportedFrequencyOfAnalysisDescription>Quarterly</ReportedFrequencyOfAnalysisDescription><ReportedNumberOfExcursions>0</ReportedNumberOfExcursions><ReportedConcentrationUnitCode>28</ReportedConcentrationUnitCode><ReportedConcentrationUnitDescription>ug/L</ReportedConcentrationUnitDescription><Concentration2><PermitLimitValue>Req Mon</PermitLimitValue><PermitStatisticalBaseCode>AF</PermitStatisticalBaseCode><PermitStatisticalBaseDescription>AVERAGE</PermitStatisticalBaseDescription><ReportedQualifier>=</ReportedQualifier><ReportedValue>13</ReportedValue></Concentration2><Concentration3><PermitLimitValue>Req Mon</PermitLimitValue><PermitStatisticalBaseCode>MB</PermitStatisticalBaseCode><PermitStatisticalBaseDescription>MAXIMUM</PermitStatisticalBaseDescription><ReportedQualifier>=</ReportedQualifier><ReportedValue>13</ReportedValue></Concentration3></Parameter></Parameters><NetDMRCertificationStatement><OpeningStatement>I certify under penalty of law that this submission was prepared under my direction or supervision in accordance with a system designed to assure that qualified personnel properly gather and evaluate the information submitted. Based on my inquiry of the person or persons who manage the system, or those directly responsible for gathering the information, the information submitted is, to the best of my knowledge and belief, true, accurate, and complete. I am aware that there are significant penalties for submitting false information, including the possibility of fine and imprisonment for knowing violations.  By entering my password and security question answer and pressing the Submit button, I agree that:
         	  	</OpeningStatement><Term>I am nathan charles.</Term><Term>I have not violated any term in my Electronic Signature Agreement.</Term><Term>I am otherwise without any reason to believe that the confidentiality of my password has been compromised now or at any time prior to this submission.</Term><Term>I have the authority to submit these data on behalf of the listed facilities.</Term><Term>This action constitutes an electronic signature equivalent to my written signature.</Term><Term>I understand that this attestation of fact pertains to the implementation, oversight, and enforcement of a federal environmental program and must be true to the best of my knowledge.</Term></NetDMRCertificationStatement><NetDMRStatusCode>NetDMR Validated</NetDMRStatusCode><DmrLastEditedByUserIdentifier>20817</DmrLastEditedByUserIdentifier><DmrLastEditedByUsername>nedr@esclabs.com</DmrLastEditedByUsername><DmrLastEditedByUserEmail>nedr@esclabs.com</DmrLastEditedByUserEmail><DmrLastEditedByUserFirstName>Ned</DmrLastEditedByUserFirstName><DmrLastEditedByUserLastName>Ryerson</DmrLastEditedByUserLastName><DmrLastEditedDate>2017-03-10T08:44:24-06:00</DmrLastEditedDate></DischargeMonitoringReport>