<?xml version='1.0' encoding='UTF-8'?><SubmissionReceipt><ConfirmationCode>_b06ab78b-fce5-4938-ba4d-b7c8bafa38bd</ConfirmationCode><SubmissionDate>2018-01-08T16:13:35-06:00</SubmissionDate><SubmitterUserId>27280</SubmitterUserId><SubmitterFirstName>nathan</SubmitterFirstName><SubmitterLastName>charles</SubmitterLastName><SubmitterUserName>ncharles@littlerock.gov</SubmitterUserName><SubmitterEmail>ncharles@littlerock.gov</SubmitterEmail><SubmitterTelephone>(501) 918-5348</SubmitterTelephone><SubmitterIp>170.94.26.21</SubmitterIp></SubmissionReceipt>