<?xml version='1.0' encoding='UTF-8'?><SubmissionReceipt><ConfirmationCode>_c2a209ac-3702-4e76-9b81-579c851fd4f6</ConfirmationCode><SubmissionDate>2018-03-09T08:58:10-06:00</SubmissionDate><SubmitterUserId>40631</SubmitterUserId><SubmitterFirstName>Samuel</SubmitterFirstName><SubmitterLastName>Kreimeyer</SubmitterLastName><SubmitterUserName>SKREIMEYER</SubmitterUserName><SubmitterEmail>skreimeyer@littlerock.gov</SubmitterEmail><SubmitterTelephone>(501) 918-5348</SubmitterTelephone><SubmitterIp>170.94.26.21</SubmitterIp></SubmissionReceipt>